{
    "use_onliner": true,
    "onliner_paths" : ["data/1m.txt", "output/success.txt", "data/3m.txt"],
    "choose_random_online_status_from": ["online", "dnd", "idle"],
    "choose_random_activity_type_from": ["game", "streaming", "listening", "watching"],
    "game": {
        "choose_random_game_from": [".gg/fivemspoofer", ".gg/fivemspoofer"]
    },
    "streaming": {
        "choose_random_name_from": [".gg/fivemspoofer"],
        "choose_random_url_from": [".gg/fivemspoofer", ".gg/fivemspoofer"]

    },
    "listening": {
        "choose_random_name_from": [".gg/fivemspoofer"]
    },
    "watching": {
        "choose_random_name_from": [".gg/fivemspoofer"]
    }
    
}